{
  "token_acc":1.0,
  "token_p":1.0,
  "token_r":1.0,
  "token_f":1.0,
  "ents_p":0.9733432062,
  "ents_r":0.9683241252,
  "ents_f":0.9708271787,
  "ents_per_type":{
    "REFERENCE":{
      "p":0.968054211,
      "r":0.9633911368,
      "f":0.9657170449
    },
    "DATE":{
      "p":0.9958805355,
      "r":0.9969072165,
      "f":0.9963936115
    },
    "TYPE":{
      "p":0.949784792,
      "r":0.9363507779,
      "f":0.943019943
    }
  },
  "speed":4778.3064699327
}