{
  "token_acc":1.0,
  "token_p":1.0,
  "token_r":1.0,
  "token_f":1.0,
  "ents_p":0.9779686333,
  "ents_r":0.964640884,
  "ents_f":0.9712590395,
  "ents_per_type":{
    "REFERENCE":{
      "p":0.9709020369,
      "r":0.9643545279,
      "f":0.9676172064
    },
    "DATE":{
      "p":0.9969008264,
      "r":0.9948453608,
      "f":0.995872033
    },
    "TYPE":{
      "p":0.9617083947,
      "r":0.9236209335,
      "f":0.9422799423
    }
  },
  "speed":27337.8151258172
}